{
    "Additive": {
        "rmse": [
            9.220333912878401e-05,
            0.00014119028964894764,
            7.108356514585154e-05,
            6.83431113958744e-05,
            0.00012910018660938722
        ],
        "nll": [
            -5.9660579590801595,
            -5.962832931967984,
            -5.967345529123437,
            -5.973555753564257,
            -5.966820789354372
        ]
    },
    "OAK": {
        "rmse": [
            0.008884608024137647,
            0.011741713260740975,
            0.0011465412742430925,
            0.00040937288904518016,
            0.0009939730306577118
        ],
        "nll": [
            0.2664517150371493,
            0.12399928495333257,
            -5.848878132156311,
            -5.908672940023245,
            -5.875991621783088
        ]
    },
    "sobol_indices_add": {
        "Order 0": 7.555916837633971e-07,
        "Order 1": 1.6162720440335397e-06,
        "Order 2": 0.9999976281362721
    },
    "sobol_indices_oak": {
        "Order 1": 0.0011545298136673965,
        "Order 2": 0.9988454701863325
    }
}