{
    "Additive": {
        "rmse": [
            6.850089810340034e-05,
            6.791025508974972e-05,
            5.8352982844930245e-05,
            6.357221192753278e-05,
            8.520861715940328e-05
        ],
        "nll": [
            -5.955860917592,
            -5.956400008221307,
            -5.9582107530479185,
            -5.954260154537113,
            -5.953449002261831
        ]
    },
    "OAK": {
        "rmse": [
            0.000256649694685691,
            0.0002616879731350981,
            0.00019559920238770715,
            0.00018862053764747352,
            0.0001961609423453363
        ],
        "nll": [
            -5.858149833925621,
            -5.8856586327657805,
            -5.91399297455853,
            -5.688439254928783,
            -5.859851299528895
        ]
    },
    "sobol_indices_add": {
        "Order 0": 0.006345247996665719,
        "Order 1": 0.9936547520029501,
        "Order 2": 3.843592020700751e-13,
        "Order 3": 1.4785588860282753e-17
    },
    "sobol_indices_oak": {
        "Order 1": 1.0,
        "Order 2": 3.24161968139652e-31,
        "Order 3": 1.0144036002570752e-97
    }
}