{
    "Additive": {
        "rmse": [
            0.00014365306887445452,
            0.00020052078856197533,
            0.00017106652328533031,
            0.00034023570409128965,
            0.0001545625322071896
        ],
        "nll": [
            -5.9253878217630085,
            -5.912496138675317,
            -5.91881055197909,
            -5.884633185358261,
            -5.922815144748295
        ]
    },
    "OAK": {
        "rmse": [
            0.000274123604351534,
            0.0002685573010521181,
            0.0002713844164866868,
            0.000257873139605576,
            0.00027924934542402876
        ],
        "nll": [
            -5.7505944117994225,
            -5.894053707497807,
            -5.891849217369453,
            0.8477404417596177,
            -5.4133834079877445
        ]
    },
    "sobol_indices_add": {
        "Order 0": 0.0011280305848146166,
        "Order 1": 0.9988719694151161,
        "Order 2": 6.047889795930688e-15,
        "Order 3": 6.321885452262841e-14
    },
    "sobol_indices_oak": {
        "Order 1": 1.0,
        "Order 2": 8.11141490670551e-27,
        "Order 3": 7.63423202425375e-95
    }
}