{
    "Additive": {
        "rmse": [
            2.838935940592434e-05,
            2.3592111389650376e-05,
            3.7095198480258965e-05,
            2.5412962391711784e-05,
            2.6151921516555386e-05
        ],
        "nll": [
            -5.970682211325479,
            -5.972007552762685,
            -5.967537849375023,
            -5.968181497674841,
            -5.969604500668389
        ]
    },
    "OAK": {
        "rmse": [
            0.017908394152762006,
            0.0021208827307008663,
            0.0024758466526855934,
            0.00560398882789041,
            0.005879111298079475
        ],
        "nll": [
            -5.083581605275614,
            -4.557685914164627,
            -5.282043466898828,
            -5.058668797124384,
            -5.0071373673496185
        ]
    },
    "sobol_indices_add": {
        "Order 0": 3.599214489411715e-07,
        "Order 1": 1.4593794581293226e-37,
        "Order 2": 0.9999996400785511
    },
    "sobol_indices_oak": {
        "Order 1": 0.7855232284495987,
        "Order 2": 0.21447677155040132
    }
}