{
    "Additive": {
        "rmse": [
            3.469926187098066e-05,
            2.156617416324325e-05,
            2.962312898609758e-05,
            2.6653411128031166e-05,
            3.135011743033541e-05
        ],
        "nll": [
            -5.9708758988719675,
            -5.9699232950869465,
            -5.968342152858773,
            -5.97024802693974,
            -5.970427525746803
        ]
    },
    "OAK": {
        "rmse": [
            0.0036117737724642262,
            0.018141584138255396,
            0.004703600800809631,
            0.005522645686499844,
            0.0009101297946146377
        ],
        "nll": [
            -5.059192231764987,
            -5.060238391740925,
            -5.215744924924653,
            -5.138320208276549,
            -5.350604211681198
        ]
    },
    "sobol_indices_add": {
        "Order 0": 1.301966757309675e-07,
        "Order 1": 2.4639304688050436e-52,
        "Order 2": 0.9999998698033242
    },
    "sobol_indices_oak": {
        "Order 1": 0.7855232306872068,
        "Order 2": 0.2144767693127933
    }
}