{
    "Additive": {
        "rmse": [
            0.0003207040999301231,
            0.00020833534138426702,
            0.0006702533143321009,
            4.325126902113333e-05,
            0.0006554434735405823
        ],
        "nll": [
            -5.9294073686705815,
            -5.94436256206242,
            -5.9176513046465455,
            NaN,
            -5.915311428440589
        ]
    },
    "OAK": {
        "rmse": [
            0.01011411711217603,
            0.01470558127871818,
            0.06337051023596882,
            0.018728119565502407,
            0.07495712039587851
        ],
        "nll": [
            -4.437442309449024,
            -4.700548885597349,
            169.50703549582468,
            -4.76985056630998,
            24.862109260118277
        ]
    },
    "sobol_indices_add": {
        "Order 0": 1.0601811721025282e-06,
        "Order 1": 0.0029566354949307474,
        "Order 2": 0.9970423043238972,
        "Order 3": 1.8485846044379507e-26,
        "Order 4": 7.850299444755966e-26
    },
    "sobol_indices_oak": {
        "Order 1": 0.9800946792755996,
        "Order 2": 0.019905320724400277,
        "Order 3": 2.2494130012954998e-41,
        "Order 4": 3.6948253635226737e-72
    }
}