{
    "Additive": {
        "rmse": [
            2.7224272627347967,
            2.2128514936778125,
            2.2121621495837958,
            2.74427270403903,
            3.0881099759213164
        ],
        "nll": [
            0.3514951019043177,
            0.18728971867333927,
            0.12573574406642568,
            0.42368958923892,
            0.5506860205730697
        ]
    },
    "OAK": {
        "rmse": [
            3.0126232739561782,
            NaN,
            NaN,
            3.009130368261312,
            3.095863165811175
        ],
        "nll": [
            0.4191180083885448,
            0.2299990506724074,
            0.11727498052725799,
            0.4157529518547278,
            0.5595229369229046
        ]
    },
    "sobol_indices_add": {
        "Order 0": 0.0978421846924719,
        "Order 1": 0.642021925330484,
        "Order 2": 0.031010149231431156,
        "Order 3": 0.04783425229408826,
        "Order 4": 0.17598730919691197,
        "Order 5": 0.005215150342259851,
        "Order 6": 8.818646834538152e-05,
        "Order 7": 8.424440074814307e-07
    },
    "sobol_indices_oak": {
        "Order 1": 0.9799660078420026,
        "Order 2": 2.99289057219349e-16,
        "Order 3": 0.019979300019760293,
        "Order 4": 5.4692138235836587e-05,
        "Order 5": 8.813812440077137e-16,
        "Order 6": 2.0706398086561257e-31,
        "Order 7": 2.761613306297327e-92
    }
}