{
    "Additive": {
        "rmse": [
            2.2635765316080327,
            3.2797525779897754,
            2.2674975776553836,
            2.682291503567523,
            2.43483494820358
        ],
        "nll": [
            0.15557328680108515,
            0.7350172258849277,
            0.20744695900448845,
            0.3609494877378785,
            0.2520777584505977
        ]
    },
    "OAK": {
        "rmse": [
            2.18718840428938,
            3.194082235776969,
            2.4886971240024853,
            NaN,
            NaN
        ],
        "nll": [
            0.11046566285623396,
            0.6790032360463518,
            0.23797498908210926,
            0.5596867648657179,
            0.14811231246929166
        ]
    },
    "sobol_indices_add": {
        "Order 0": 0.09131798878991682,
        "Order 1": 0.6690393705017508,
        "Order 2": 0.03178899278096493,
        "Order 3": 0.03472164780519111,
        "Order 4": 0.16716668378371227,
        "Order 5": 0.005867176637635633,
        "Order 6": 9.714715447252515e-05,
        "Order 7": 9.925463559782233e-07
    },
    "sobol_indices_oak": {
        "Order 1": 0.9799660078322504,
        "Order 2": 2.9923891642181263e-16,
        "Order 3": 0.01997930002938452,
        "Order 4": 5.4692138363834385e-05,
        "Order 5": 8.813033093834198e-16,
        "Order 6": 2.0702174077518285e-31,
        "Order 7": 2.759738558455375e-92
    }
}