{
    "Additive": {
        "rmse": [
            0.6741232993401678,
            0.7252077577772725,
            0.7179537252594593,
            0.7112804929481241,
            0.7311728003716672
        ],
        "nll": [
            1.3560956811867209,
            1.4447307769307778,
            1.4315122336178165,
            1.4192163760830403,
            1.455656784697593
        ]
    },
    "OAK": {
        "rmse": [
            0.203867582121885,
            0.7252868190946979,
            0.7179537261068825,
            0.7112805012051343,
            0.7311728003715556
        ],
        "nll": [
            -3.0241068962653257,
            1.444781565762428,
            1.4315124099286072,
            1.419216362742698,
            1.4556554442651564
        ]
    },
    "sobol_indices_add": {
        "Order 0": 3.834744560014508e-05,
        "Order 1": 0.9999539430480255,
        "Order 2": 7.709506374319512e-06
    },
    "sobol_indices_oak": {
        "Order 1": 1.0,
        "Order 2": 4.736900750457484e-18
    }
}