{
    "Additive": {
        "rmse": [
            7.463305364971839e-05,
            8.052959426514258e-05,
            6.896570315249862e-05,
            5.599965771582595e-05,
            9.891058934203431e-05
        ],
        "nll": [
            -5.86458897706979,
            -5.862620121713842,
            -5.864224339917476,
            -5.876148471216869,
            -5.851003828669136
        ]
    },
    "OAK": {
        "rmse": [
            0.00927594630052311,
            0.002726726218024168,
            0.004056965014485157,
            0.004522236298987155,
            0.005928139221920246
        ],
        "nll": [
            -4.421537065977253,
            -4.249194714603797,
            -4.239383899860124,
            -4.19208298931943,
            -4.307942121903793
        ]
    },
    "sobol_indices_add": {
        "Order 0": 0.011445567002319482,
        "Order 1": 5.815206991260696e-09,
        "Order 2": 0.9885544271824734,
        "Order 3": 9.616582497641316e-34
    },
    "sobol_indices_oak": {
        "Order 1": 0.9793415246599889,
        "Order 2": 0.020658475340011192,
        "Order 3": 4.5348061000832025e-17
    }
}